source,target,tgt_lng
constitutional law,宪法,zh
civil law,民法,zh
criminal law,刑法,zh
administrative law,行政法,zh
international law,国际法,zh
procedural law,程序法,zh
legal system,法律体系,zh
legal norm,法律规范,zh
legal person,法人,zh
natural person,自然人,zh
legal liability,法律责任,zh
civil liability,民事责任,zh
criminal liability,刑事责任,zh
burden of proof,举证责任,zh
standard of proof,证明标准,zh
due process,正当程序,zh
judicial review,司法审查,zh
judicial interpretation,司法解释,zh
court jurisdiction,法院管辖,zh
legal precedent,判例,zh
statutory law,成文法,zh
case law,判例法,zh
contract law,合同法,zh
breach of contract,违约,zh
contractual obligation,合同义务,zh
good faith,诚信,zh
property right,财产权,zh
intellectual property,知识产权,zh
copyright protection,著作权保护,zh
patent law,专利法,zh
trademark,商标,zh
trade secret,商业秘密,zh
tort liability,侵权责任,zh
negligence,过失,zh
strict liability,严格责任,zh
damages,损害赔偿,zh
corporate law,公司法,zh
shareholder right,股东权利,zh
board of directors,董事会,zh
merger and acquisition,并购,zh
antitrust law,反垄断法,zh
competition law,竞争法,zh
consumer protection,消费者保护,zh
labor law,劳动法,zh
employment contract,劳动合同,zh
collective bargaining,集体谈判,zh
social security,社会保障,zh
tax law,税法,zh
environmental law,环境法,zh
data protection,数据保护,zh
privacy right,隐私权,zh
personal information,个人信息,zh
cybercrime,网络犯罪,zh
human rights,人权,zh
rule of law,法治,zh
legal reasoning,法律推理,zh
legal doctrine,法律学说,zh
dispute resolution,争议解决,zh
arbitration,仲裁,zh
